,k,alpha_decoded,beta_decoded,alpha_raw,beta_raw
0,1,0.4387878,0.47568685,0.42115423,0.46804056
1,2,0.43463224,0.4699757,0.42116174,0.45940104
2,3,0.45489356,0.48865333,0.42013392,0.4617776
3,4,0.434974,0.4739731,0.42237976,0.4518728
4,5,0.4096603,0.4437378,0.43654972,0.46331942
